"Dấu thời gian","Tên người dùng","1.Họ và tên","2.Quê quán","3.Bạn về quê bằng phương tiện gì","4.Thời gian trong suốt chuyến đi là bao nhiêu giờ"
"2021/01/18 8:40:27 CH GMT+7","mongnuongle.010101@gmail.com","Lê Thị Mộng Nương","Tiền Giang","Xe khách","2 giờ"
"2021/01/18 8:56:23 CH GMT+7","","Lê thị ngọc trâm","Tiền giang","Xe khách","2 giờ"
"2021/01/18 8:57:07 CH GMT+7","","Nguyễn Hoàng Lý","Củ Chi","xe máy, xe buýt công cộng","1 giờ"
"2021/01/18 8:58:10 CH GMT+7","","Nguyễn Hoàng Lai","Tây Ninh","Xe khách","1 tiếng 30 phút "
"2021/01/18 9:16:25 CH GMT+7","","Nguyễn Thị Kim Hòa","Quảng Ngãi","Xe khách","17 giờ"
"2021/01/18 9:18:11 CH GMT+7","","Huỳnh Thị Xuân Đào","Tiền Giang","Xe máy","2h30p"
"2021/01/18 9:51:49 CH GMT+7","","Nguyễn Thị Quỳnh Như","Thành phố Hồ Chí Minh","Xe máy ","30 phút"
"2021/01/18 9:54:40 CH GMT+7","","Huỳnh Anh Tú ","Long An ","Xe máy","1 giờ"
"2021/01/19 6:12:43 CH GMT+7","","Trương Thành Đạt","Long An","Máy bay","1 giờ"